{
  "project_info": {
    "project_number": "732909371045",
    "project_id": "smartfridge-app-c1a31",
    "storage_bucket": "smartfridge-app-c1a31.appspot.com"
  },
  "client": [
    {
      "client_info": {
        "mobilesdk_app_id": "1:732909371045:android:bf079730cf353514b9574c",
        "android_client_info": {
          "package_name": "com.example.smartfridgeapp"
        }
      },
      "oauth_client": [
        {
          "client_id": "732909371045-vcoac5vs7hjiq1v3j1n5fc9bcrurdv30.apps.googleusercontent.com",
          "client_type": 3
        }
      ],
      "api_key": [
        {
          "current_key": "AIzaSyCXzH9U22gtkocq4Goiz--qOV_IOG7Fa2k"
        }
      ],
      "services": {
        "appinvite_service": {
          "other_platform_oauth_client": [
            {
              "client_id": "732909371045-vcoac5vs7hjiq1v3j1n5fc9bcrurdv30.apps.googleusercontent.com",
              "client_type": 3
            }
          ]
        }
      }
    }
  ],
  "configuration_version": "1"
}